data,Prêmio,Milhar,Grupo,Bicho
24/09/2022,1º,8982,21,Touro
24/09/2022,2º,9884,21,Touro
24/09/2022,3º,3231,8,Camelo
24/09/2022,4º,2156,14,Gato
24/09/2022,5º,1085,22,Tigre
23/09/2022,1º,6690,23,Urso
23/09/2022,2º,4006,2,Águia
23/09/2022,3º,1554,14,Gato
23/09/2022,4º,8470,18,Porco
23/09/2022,5º,3725,7,Carneiro
22/09/2022,1º,8679,20,Peru
22/09/2022,2º,9430,8,Camelo
22/09/2022,3º,2030,8,Camelo
22/09/2022,4º,8662,16,Leão
22/09/2022,5º,6362,16,Leão
21/09/2022,1º,5613,4,Borboleta
21/09/2022,2º,6891,23,Urso
21/09/2022,3º,2222,6,Cabra
21/09/2022,4º,1132,8,Camelo
21/09/2022,5º,7030,8,Camelo
20/09/2022,1º,6680,20,Peru
20/09/2022,2º,2096,24,Veado
20/09/2022,3º,8384,21,Touro
20/09/2022,4º,258,15,Jacaré
20/09/2022,5º,2726,7,Carneiro
19/09/2022,1º,6887,22,Tigre
19/09/2022,2º,5485,22,Tigre
19/09/2022,3º,7494,24,Veado
19/09/2022,4º,6604,1,Avestruz
19/09/2022,5º,8534,9,Cobra
17/09/2022,1º,4578,20,Peru
17/09/2022,2º,7782,21,Touro
17/09/2022,3º,6867,17,Macaco
17/09/2022,4º,1599,25,Vaca
17/09/2022,5º,7988,22,Tigre
16/09/2022,1º,1025,7,Carneiro
16/09/2022,2º,7188,22,Tigre
16/09/2022,3º,7064,16,Leão
16/09/2022,4º,1366,17,Macaco
16/09/2022,5º,480,20,Peru
15/09/2022,1º,5533,9,Cobra
15/09/2022,2º,2392,23,Urso
15/09/2022,3º,8998,25,Vaca
15/09/2022,4º,9156,14,Gato
15/09/2022,5º,6211,3,Burro
14/09/2022,1º,7130,8,Camelo
14/09/2022,2º,8574,19,Pavão
14/09/2022,3º,6619,5,Cachorro
14/09/2022,4º,7644,11,Cavalo
14/09/2022,5º,3069,18,Porco
13/09/2022,1º,3282,21,Touro
13/09/2022,2º,6880,20,Peru
13/09/2022,3º,5948,12,Elefante
13/09/2022,4º,303,1,Avestruz
13/09/2022,5º,4657,15,Jacaré
12/09/2022,1º,9790,23,Urso
12/09/2022,2º,7214,4,Borboleta
12/09/2022,3º,6110,3,Burro
12/09/2022,4º,9614,4,Borboleta
12/09/2022,5º,1510,3,Burro
10/09/2022,1º,8178,20,Peru
10/09/2022,2º,2451,13,Galo
10/09/2022,3º,6768,17,Macaco
10/09/2022,4º,7726,7,Carneiro
10/09/2022,5º,3736,9,Cobra
09/09/2022,1º,6652,13,Galo
09/09/2022,2º,9986,22,Tigre
09/09/2022,3º,8959,15,Jacaré
09/09/2022,4º,7909,3,Burro
09/09/2022,5º,6,2,Águia
08/09/2022,1º,8505,2,Águia
08/09/2022,2º,8578,20,Peru
08/09/2022,3º,4011,3,Burro
08/09/2022,4º,1583,21,Touro
08/09/2022,5º,1827,7,Carneiro
06/09/2022,1º,300,25,Vaca
06/09/2022,2º,6628,7,Carneiro
06/09/2022,3º,1821,6,Cabra
06/09/2022,4º,1950,13,Galo
06/09/2022,5º,5545,12,Elefante
05/09/2022,1º,3785,22,Tigre
05/09/2022,2º,8496,24,Veado
05/09/2022,3º,4377,20,Peru
05/09/2022,4º,8782,21,Touro
05/09/2022,5º,1290,23,Urso
03/09/2022,1º,2624,6,Cabra
03/09/2022,2º,9676,19,Pavão
03/09/2022,3º,2183,21,Touro
03/09/2022,4º,9013,4,Borboleta
03/09/2022,5º,6348,12,Elefante
02/09/2022,1º,7692,23,Urso
02/09/2022,2º,2941,11,Cavalo
02/09/2022,3º,4492,23,Urso
02/09/2022,4º,7232,8,Camelo
02/09/2022,5º,1798,25,Vaca
01/09/2022,1º,4539,10,Coelho
01/09/2022,2º,1179,20,Peru
01/09/2022,3º,6739,10,Coelho
01/09/2022,4º,53,14,Gato
01/09/2022,5º,7104,1,Avestruz
31/08/2022,1º,9134,9,Cobra
31/08/2022,2º,1023,6,Cabra
31/08/2022,3º,7547,12,Elefante
31/08/2022,4º,9620,5,Cachorro
31/08/2022,5º,8484,21,Touro
30/08/2022,1º,1222,6,Cabra
30/08/2022,2º,6726,7,Carneiro
30/08/2022,3º,3397,25,Vaca
30/08/2022,4º,7709,3,Burro
30/08/2022,5º,9852,13,Galo
29/08/2022,1º,4188,22,Tigre
29/08/2022,2º,3726,7,Carneiro
29/08/2022,3º,1997,25,Vaca
29/08/2022,4º,9855,14,Gato
29/08/2022,5º,7253,14,Gato
27/08/2022,1º,8192,23,Urso
27/08/2022,2º,5792,23,Urso
27/08/2022,3º,1338,10,Coelho
27/08/2022,4º,8529,8,Camelo
27/08/2022,5º,1905,2,Águia
26/08/2022,1º,8240,10,Coelho
26/08/2022,2º,3023,6,Cabra
26/08/2022,3º,3076,19,Pavão
26/08/2022,4º,2206,2,Águia
26/08/2022,5º,1814,4,Borboleta
25/08/2022,1º,746,12,Elefante
25/08/2022,2º,876,19,Pavão
25/08/2022,3º,2753,14,Gato
25/08/2022,4º,5894,24,Veado
25/08/2022,5º,1127,7,Carneiro
24/08/2022,1º,9452,13,Galo
24/08/2022,2º,7383,21,Touro
24/08/2022,3º,3297,25,Vaca
24/08/2022,4º,493,24,Veado
24/08/2022,5º,8976,19,Pavão
23/08/2022,1º,7625,7,Carneiro
23/08/2022,2º,9984,21,Touro
23/08/2022,3º,9321,6,Cabra
23/08/2022,4º,16,4,Borboleta
23/08/2022,5º,1961,16,Leão
22/08/2022,1º,6182,21,Touro
22/08/2022,2º,5340,10,Coelho
22/08/2022,3º,1233,9,Cobra
22/08/2022,4º,4468,17,Macaco
22/08/2022,5º,8571,18,Porco
20/08/2022,1º,2669,18,Porco
20/08/2022,2º,2728,7,Carneiro
20/08/2022,3º,3661,16,Leão
20/08/2022,4º,8164,16,Leão
20/08/2022,5º,9866,17,Macaco
19/08/2022,1º,6558,15,Jacaré
19/08/2022,2º,1235,9,Cobra
19/08/2022,3º,426,7,Carneiro
19/08/2022,4º,6415,4,Borboleta
19/08/2022,5º,4487,22,Tigre
18/08/2022,1º,4160,15,Jacaré
18/08/2022,2º,1644,11,Cavalo
18/08/2022,3º,4020,5,Cachorro
18/08/2022,4º,626,7,Carneiro
18/08/2022,5º,3384,21,Touro
17/08/2022,1º,2470,18,Porco
17/08/2022,2º,7836,9,Cobra
17/08/2022,3º,6293,24,Veado
17/08/2022,4º,7248,12,Elefante
17/08/2022,5º,7093,24,Veado
16/08/2022,1º,1147,12,Elefante
16/08/2022,2º,9871,18,Porco
16/08/2022,3º,2002,1,Avestruz
16/08/2022,4º,1588,22,Tigre
16/08/2022,5º,7653,14,Gato
15/08/2022,1º,1957,15,Jacaré
15/08/2022,2º,2230,8,Camelo
15/08/2022,3º,811,3,Burro
15/08/2022,4º,1919,5,Cachorro
15/08/2022,5º,5785,22,Tigre
13/08/2022,1º,501,1,Avestruz
13/08/2022,2º,6360,15,Jacaré
13/08/2022,3º,3834,9,Cobra
13/08/2022,4º,2705,2,Águia
13/08/2022,5º,5654,14,Gato
12/08/2022,1º,1245,12,Elefante
12/08/2022,2º,1977,20,Peru
12/08/2022,3º,1495,24,Veado
12/08/2022,4º,5583,21,Touro
12/08/2022,5º,2946,12,Elefante
11/08/2022,1º,3663,16,Leão
11/08/2022,2º,6912,3,Burro
11/08/2022,3º,8695,24,Veado
11/08/2022,4º,5190,23,Urso
11/08/2022,5º,2699,25,Vaca
10/08/2022,1º,7499,25,Vaca
10/08/2022,2º,4143,11,Cavalo
10/08/2022,3º,5644,11,Cavalo
10/08/2022,4º,1478,20,Peru
10/08/2022,5º,3919,5,Cachorro
09/08/2022,1º,1830,8,Camelo
09/08/2022,2º,2244,11,Cavalo
09/08/2022,3º,1789,23,Urso
09/08/2022,4º,9223,6,Cabra
09/08/2022,5º,8166,17,Macaco
08/08/2022,1º,7970,18,Porco
08/08/2022,2º,6384,21,Touro
08/08/2022,3º,8657,15,Jacaré
08/08/2022,4º,8448,12,Elefante
08/08/2022,5º,9838,10,Coelho
06/08/2022,1º,9066,17,Macaco
06/08/2022,2º,3990,23,Urso
06/08/2022,3º,5400,25,Vaca
06/08/2022,4º,9852,13,Galo
06/08/2022,5º,4977,20,Peru
05/08/2022,1º,1724,6,Cabra
05/08/2022,2º,55,14,Gato
05/08/2022,3º,5297,25,Vaca
05/08/2022,4º,8285,22,Tigre
05/08/2022,5º,2303,1,Avestruz
04/08/2022,1º,6804,1,Avestruz
04/08/2022,2º,4078,20,Peru
04/08/2022,3º,1075,19,Pavão
04/08/2022,4º,9372,18,Porco
04/08/2022,5º,8044,11,Cavalo
03/08/2022,1º,6040,10,Coelho
03/08/2022,2º,3590,23,Urso
03/08/2022,3º,1928,7,Carneiro
03/08/2022,4º,6702,1,Avestruz
03/08/2022,5º,5589,23,Urso
02/08/2022,1º,3883,21,Touro
02/08/2022,2º,1825,7,Carneiro
02/08/2022,3º,9259,15,Jacaré
02/08/2022,4º,1504,1,Avestruz
02/08/2022,5º,7509,3,Burro
01/08/2022,1º,2076,19,Pavão
01/08/2022,2º,5939,10,Coelho
01/08/2022,3º,899,25,Vaca
01/08/2022,4º,8972,18,Porco
01/08/2022,5º,1392,23,Urso
30/07/2022,1º,7382,21,Touro
30/07/2022,2º,4904,1,Avestruz
30/07/2022,3º,1564,16,Leão
30/07/2022,4º,4182,21,Touro
30/07/2022,5º,2020,5,Cachorro
29/07/2022,1º,3119,5,Cachorro
29/07/2022,2º,3765,17,Macaco
29/07/2022,3º,3586,22,Tigre
29/07/2022,4º,1529,8,Camelo
29/07/2022,5º,5874,19,Pavão
28/07/2022,1º,8554,14,Gato
28/07/2022,2º,3912,3,Burro
28/07/2022,3º,5136,9,Cobra
28/07/2022,4º,1344,11,Cavalo
28/07/2022,5º,2570,18,Porco
27/07/2022,1º,9679,20,Peru
27/07/2022,2º,2198,25,Vaca
27/07/2022,3º,6715,4,Borboleta
27/07/2022,4º,1700,25,Vaca
27/07/2022,5º,9901,1,Avestruz
26/07/2022,1º,1798,25,Vaca
26/07/2022,2º,16,4,Borboleta
26/07/2022,3º,6102,1,Avestruz
26/07/2022,4º,6708,2,Águia
26/07/2022,5º,8950,13,Galo
25/07/2022,1º,1538,10,Coelho
25/07/2022,2º,9741,11,Cavalo
25/07/2022,3º,9351,13,Galo
25/07/2022,4º,5268,17,Macaco
25/07/2022,5º,5830,8,Camelo
23/07/2022,1º,5755,14,Gato
23/07/2022,2º,2639,10,Coelho
23/07/2022,3º,3892,23,Urso
23/07/2022,4º,2283,21,Touro
23/07/2022,5º,8392,23,Urso
22/07/2022,1º,6139,10,Coelho
22/07/2022,2º,1217,5,Cachorro
22/07/2022,3º,5129,8,Camelo
22/07/2022,4º,4909,3,Burro
22/07/2022,5º,4372,18,Porco
21/07/2022,1º,1416,4,Borboleta
21/07/2022,2º,9323,6,Cabra
21/07/2022,3º,1461,16,Leão
21/07/2022,4º,351,13,Galo
21/07/2022,5º,455,14,Gato
20/07/2022,1º,437,10,Coelho
20/07/2022,2º,9429,8,Camelo
20/07/2022,3º,3116,4,Borboleta
20/07/2022,4º,9664,16,Leão
20/07/2022,5º,6028,7,Carneiro
19/07/2022,1º,7865,17,Macaco
19/07/2022,2º,3710,3,Burro
19/07/2022,3º,1047,12,Elefante
19/07/2022,4º,8138,10,Coelho
19/07/2022,5º,8817,5,Cachorro
18/07/2022,1º,8075,19,Pavão
18/07/2022,2º,4975,19,Pavão
18/07/2022,3º,7569,18,Porco
18/07/2022,4º,8515,4,Borboleta
18/07/2022,5º,408,2,Águia
16/07/2022,1º,6784,21,Touro
16/07/2022,2º,2535,9,Cobra
16/07/2022,3º,6848,12,Elefante
16/07/2022,4º,4856,14,Gato
16/07/2022,5º,1552,13,Galo
15/07/2022,1º,9474,19,Pavão
15/07/2022,2º,3107,2,Águia
15/07/2022,3º,4170,18,Porco
15/07/2022,4º,6601,1,Avestruz
15/07/2022,5º,4494,24,Veado
14/07/2022,1º,2740,10,Coelho
14/07/2022,2º,4233,9,Cobra
14/07/2022,3º,1983,21,Touro
14/07/2022,4º,7643,11,Cavalo
14/07/2022,5º,9572,18,Porco
13/07/2022,1º,7505,2,Águia
13/07/2022,2º,1908,2,Águia
13/07/2022,3º,8228,7,Carneiro
13/07/2022,4º,4328,7,Carneiro
13/07/2022,5º,9704,1,Avestruz
12/07/2022,1º,4889,23,Urso
12/07/2022,2º,1878,20,Peru
12/07/2022,3º,809,3,Burro
12/07/2022,4º,9456,14,Gato
12/07/2022,5º,6033,9,Cobra
11/07/2022,1º,1057,15,Jacaré
11/07/2022,2º,4914,4,Borboleta
11/07/2022,3º,3156,14,Gato
11/07/2022,4º,1849,13,Galo
11/07/2022,5º,2485,22,Tigre
09/07/2022,1º,6961,16,Leão
09/07/2022,2º,1033,9,Cobra
09/07/2022,3º,9173,19,Pavão
09/07/2022,4º,4915,4,Borboleta
09/07/2022,5º,2253,14,Gato
08/07/2022,1º,9589,23,Urso
08/07/2022,2º,8936,9,Cobra
08/07/2022,3º,150,13,Galo
08/07/2022,4º,3579,20,Peru
08/07/2022,5º,8756,14,Gato
07/07/2022,1º,2199,25,Vaca
07/07/2022,2º,5841,11,Cavalo
07/07/2022,3º,173,19,Pavão
07/07/2022,4º,8597,25,Vaca
07/07/2022,5º,4298,25,Vaca
06/07/2022,1º,7310,3,Burro
06/07/2022,2º,2717,5,Cachorro
06/07/2022,3º,114,4,Borboleta
06/07/2022,4º,8476,19,Pavão
06/07/2022,5º,9894,24,Veado
05/07/2022,1º,9892,23,Urso
05/07/2022,2º,6885,22,Tigre
05/07/2022,3º,8628,7,Carneiro
05/07/2022,4º,4465,17,Macaco
05/07/2022,5º,4568,17,Macaco
04/07/2022,1º,6164,16,Leão
04/07/2022,2º,2334,9,Cobra
04/07/2022,3º,5978,20,Peru
04/07/2022,4º,343,11,Cavalo
04/07/2022,5º,2745,12,Elefante
02/07/2022,1º,7644,11,Cavalo
02/07/2022,2º,8051,13,Galo
02/07/2022,3º,3695,24,Veado
02/07/2022,4º,523,6,Cabra
02/07/2022,5º,4268,17,Macaco
01/07/2022,1º,1855,14,Gato
01/07/2022,2º,2876,19,Pavão
01/07/2022,3º,7138,10,Coelho
01/07/2022,4º,7184,21,Touro
01/07/2022,5º,4784,21,Touro
30/06/2022,1º,6429,8,Camelo
30/06/2022,2º,9212,3,Burro
30/06/2022,3º,6586,22,Tigre
30/06/2022,4º,999,25,Vaca
30/06/2022,5º,4983,21,Touro
29/06/2022,1º,5795,24,Veado
29/06/2022,2º,3148,12,Elefante
29/06/2022,3º,6354,14,Gato
29/06/2022,4º,8060,15,Jacaré
29/06/2022,5º,8517,5,Cachorro
28/06/2022,1º,3054,14,Gato
28/06/2022,2º,2541,11,Cavalo
28/06/2022,3º,8541,11,Cavalo
28/06/2022,4º,4049,13,Galo
28/06/2022,5º,19,5,Cachorro
27/06/2022,1º,1411,3,Burro
27/06/2022,2º,5131,8,Camelo
27/06/2022,3º,6568,17,Macaco
27/06/2022,4º,1116,4,Borboleta
27/06/2022,5º,7844,11,Cavalo
25/06/2022,1º,8263,16,Leão
25/06/2022,2º,3878,20,Peru
25/06/2022,3º,266,17,Macaco
25/06/2022,4º,2791,23,Urso
25/06/2022,5º,3488,22,Tigre
24/06/2022,1º,5025,7,Carneiro
24/06/2022,2º,6810,3,Burro
24/06/2022,3º,8434,9,Cobra
24/06/2022,4º,6627,7,Carneiro
24/06/2022,5º,7181,21,Touro
23/06/2022,1º,7685,22,Tigre
23/06/2022,2º,4957,15,Jacaré
23/06/2022,3º,4783,21,Touro
23/06/2022,4º,8125,7,Carneiro
23/06/2022,5º,2993,24,Veado
22/06/2022,1º,6207,2,Águia
22/06/2022,2º,397,25,Vaca
22/06/2022,3º,2777,20,Peru
22/06/2022,4º,2434,9,Cobra
22/06/2022,5º,974,19,Pavão
21/06/2022,1º,1791,23,Urso
21/06/2022,2º,8459,15,Jacaré
21/06/2022,3º,2191,23,Urso
21/06/2022,4º,9638,10,Coelho
21/06/2022,5º,3186,22,Tigre
20/06/2022,1º,6186,22,Tigre
20/06/2022,2º,9808,2,Águia
20/06/2022,3º,8807,2,Águia
20/06/2022,4º,2620,5,Cachorro
20/06/2022,5º,5098,25,Vaca
18/06/2022,1º,4272,18,Porco
18/06/2022,2º,2273,19,Pavão
18/06/2022,3º,1707,2,Águia
18/06/2022,4º,1452,13,Galo
18/06/2022,5º,5900,25,Vaca
17/06/2022,1º,7738,10,Coelho
17/06/2022,2º,8749,13,Galo
17/06/2022,3º,1133,9,Cobra
17/06/2022,4º,1917,5,Cachorro
17/06/2022,5º,7436,9,Cobra
16/06/2022,1º,3444,11,Cavalo
16/06/2022,2º,5934,9,Cobra
16/06/2022,3º,5887,22,Tigre
16/06/2022,4º,1413,4,Borboleta
16/06/2022,5º,2111,3,Burro
15/06/2022,1º,4375,19,Pavão
15/06/2022,2º,1099,25,Vaca
15/06/2022,3º,6010,3,Burro
15/06/2022,4º,3020,5,Cachorro
15/06/2022,5º,4390,23,Urso
14/06/2022,1º,774,19,Pavão
14/06/2022,2º,3097,25,Vaca
14/06/2022,3º,9186,22,Tigre
14/06/2022,4º,8673,19,Pavão
14/06/2022,5º,2430,8,Camelo
13/06/2022,1º,4566,17,Macaco
13/06/2022,2º,3099,25,Vaca
13/06/2022,3º,3000,25,Vaca
13/06/2022,4º,7102,1,Avestruz
13/06/2022,5º,7281,21,Touro
11/06/2022,1º,1848,12,Elefante
11/06/2022,2º,5582,21,Touro
11/06/2022,3º,7388,22,Tigre
11/06/2022,4º,3901,1,Avestruz
11/06/2022,5º,1748,12,Elefante
10/06/2022,1º,2840,10,Coelho
10/06/2022,2º,976,19,Pavão
10/06/2022,3º,907,2,Águia
10/06/2022,4º,9417,5,Cachorro
10/06/2022,5º,445,12,Elefante
09/06/2022,1º,5970,18,Porco
09/06/2022,2º,4852,13,Galo
09/06/2022,3º,4162,16,Leão
09/06/2022,4º,4151,13,Galo
09/06/2022,5º,3650,13,Galo
08/06/2022,1º,7665,17,Macaco
08/06/2022,2º,2550,13,Galo
08/06/2022,3º,4091,23,Urso
08/06/2022,4º,5051,13,Galo
08/06/2022,5º,1453,14,Gato
07/06/2022,1º,9538,10,Coelho
07/06/2022,2º,8019,5,Cachorro
07/06/2022,3º,1748,12,Elefante
07/06/2022,4º,4412,3,Burro
07/06/2022,5º,6399,25,Vaca
06/06/2022,1º,9462,16,Leão
06/06/2022,2º,9287,22,Tigre
06/06/2022,3º,7605,2,Águia
06/06/2022,4º,9477,20,Peru
06/06/2022,5º,4256,14,Gato
04/06/2022,1º,9832,8,Camelo
04/06/2022,2º,2963,16,Leão
04/06/2022,3º,6508,2,Águia
04/06/2022,4º,8667,17,Macaco
04/06/2022,5º,8800,25,Vaca
03/06/2022,1º,2403,1,Avestruz
03/06/2022,2º,3018,5,Cachorro
03/06/2022,3º,9,3,Burro
03/06/2022,4º,2689,23,Urso
03/06/2022,5º,7902,1,Avestruz
02/06/2022,1º,8364,16,Leão
02/06/2022,2º,8759,15,Jacaré
02/06/2022,3º,1687,22,Tigre
02/06/2022,4º,9275,19,Pavão
02/06/2022,5º,903,1,Avestruz
01/06/2022,1º,6293,24,Veado
01/06/2022,2º,7394,24,Veado
01/06/2022,3º,5925,7,Carneiro
01/06/2022,4º,4701,1,Avestruz
01/06/2022,5º,590,23,Urso
31/05/2022,1º,9076,19,Pavão
31/05/2022,2º,2764,16,Leão
31/05/2022,3º,1104,1,Avestruz
31/05/2022,4º,1633,9,Cobra
31/05/2022,5º,7405,2,Águia
30/05/2022,1º,8007,2,Águia
30/05/2022,2º,7957,15,Jacaré
30/05/2022,3º,7846,12,Elefante
30/05/2022,4º,8283,21,Touro
30/05/2022,5º,1311,3,Burro
28/05/2022,1º,4882,21,Touro
28/05/2022,2º,6517,5,Cachorro
28/05/2022,3º,8702,1,Avestruz
28/05/2022,4º,767,17,Macaco
28/05/2022,5º,8046,12,Elefante
27/05/2022,1º,8310,3,Burro
27/05/2022,2º,5908,2,Águia
27/05/2022,3º,9260,15,Jacaré
27/05/2022,4º,9892,23,Urso
27/05/2022,5º,3190,23,Urso
26/05/2022,1º,625,7,Carneiro
26/05/2022,2º,6363,16,Leão
26/05/2022,3º,684,21,Touro
26/05/2022,4º,4748,12,Elefante
26/05/2022,5º,6729,8,Camelo
25/05/2022,1º,5291,23,Urso
25/05/2022,2º,3480,20,Peru
25/05/2022,3º,5559,15,Jacaré
25/05/2022,4º,7032,8,Camelo
25/05/2022,5º,1628,7,Carneiro
24/05/2022,1º,3655,14,Gato
24/05/2022,2º,3057,15,Jacaré
24/05/2022,3º,2312,3,Burro
24/05/2022,4º,7779,20,Peru
24/05/2022,5º,5633,9,Cobra
23/05/2022,1º,6551,13,Galo
23/05/2022,2º,1096,24,Veado
23/05/2022,3º,5777,20,Peru
23/05/2022,4º,7224,6,Cabra
23/05/2022,5º,9348,12,Elefante
21/05/2022,1º,4032,8,Camelo
21/05/2022,2º,9270,18,Porco
21/05/2022,3º,2327,7,Carneiro
21/05/2022,4º,1966,17,Macaco
21/05/2022,5º,9926,7,Carneiro
20/05/2022,1º,5892,23,Urso
20/05/2022,2º,4991,23,Urso
20/05/2022,3º,9809,3,Burro
20/05/2022,4º,7163,16,Leão
20/05/2022,5º,1519,5,Cachorro
19/05/2022,1º,1955,14,Gato
19/05/2022,2º,9473,19,Pavão
19/05/2022,3º,1624,6,Cabra
19/05/2022,4º,6094,24,Veado
19/05/2022,5º,6190,23,Urso
18/05/2022,1º,5827,7,Carneiro
18/05/2022,2º,3133,9,Cobra
18/05/2022,3º,9839,10,Coelho
18/05/2022,4º,9064,16,Leão
18/05/2022,5º,5831,8,Camelo
17/05/2022,1º,1574,19,Pavão
17/05/2022,2º,4690,23,Urso
17/05/2022,3º,8030,8,Camelo
17/05/2022,4º,3932,8,Camelo
17/05/2022,5º,1317,5,Cachorro
16/05/2022,1º,8628,7,Carneiro
16/05/2022,2º,5373,19,Pavão
16/05/2022,3º,3886,22,Tigre
16/05/2022,4º,1132,8,Camelo
16/05/2022,5º,9748,12,Elefante
14/05/2022,1º,383,21,Touro
14/05/2022,2º,741,11,Cavalo
14/05/2022,3º,2743,11,Cavalo
14/05/2022,4º,478,20,Peru
14/05/2022,5º,8730,8,Camelo
13/05/2022,1º,9167,17,Macaco
13/05/2022,2º,4481,21,Touro
13/05/2022,3º,2520,5,Cachorro
13/05/2022,4º,541,11,Cavalo
13/05/2022,5º,2587,22,Tigre
12/05/2022,1º,9371,18,Porco
12/05/2022,2º,1148,12,Elefante
12/05/2022,3º,8664,16,Leão
12/05/2022,4º,4476,19,Pavão
12/05/2022,5º,9452,13,Galo
11/05/2022,1º,1103,1,Avestruz
11/05/2022,2º,7436,9,Cobra
11/05/2022,3º,5645,12,Elefante
11/05/2022,4º,7839,10,Coelho
11/05/2022,5º,6316,4,Borboleta
10/05/2022,1º,5316,4,Borboleta
10/05/2022,2º,452,13,Galo
10/05/2022,3º,3108,2,Águia
10/05/2022,4º,1668,17,Macaco
10/05/2022,5º,1592,23,Urso
09/05/2022,1º,4865,17,Macaco
09/05/2022,2º,8082,21,Touro
09/05/2022,3º,5808,2,Águia
09/05/2022,4º,6707,2,Águia
09/05/2022,5º,2418,5,Cachorro
07/05/2022,1º,3515,4,Borboleta
07/05/2022,2º,1322,6,Cabra
07/05/2022,3º,2541,11,Cavalo
07/05/2022,4º,5683,21,Touro
07/05/2022,5º,6139,10,Coelho
06/05/2022,1º,4590,23,Urso
06/05/2022,2º,7013,4,Borboleta
06/05/2022,3º,183,21,Touro
06/05/2022,4º,2920,5,Cachorro
06/05/2022,5º,6080,20,Peru
05/05/2022,1º,4161,16,Leão
05/05/2022,2º,9945,12,Elefante
05/05/2022,3º,8700,25,Vaca
05/05/2022,4º,2940,10,Coelho
05/05/2022,5º,9876,19,Pavão
04/05/2022,1º,106,2,Águia
04/05/2022,2º,3962,16,Leão
04/05/2022,3º,2905,2,Águia
04/05/2022,4º,5928,7,Carneiro
04/05/2022,5º,1621,6,Cabra
03/05/2022,1º,6384,21,Touro
03/05/2022,2º,1171,18,Porco
03/05/2022,3º,5944,11,Cavalo
03/05/2022,4º,3290,23,Urso
03/05/2022,5º,8274,19,Pavão
02/05/2022,1º,9190,23,Urso
02/05/2022,2º,7792,23,Urso
02/05/2022,3º,7968,17,Macaco
02/05/2022,4º,6393,24,Veado
02/05/2022,5º,2126,7,Carneiro
30/04/2022,1º,3124,6,Cabra
30/04/2022,2º,9897,25,Vaca
30/04/2022,3º,5729,8,Camelo
30/04/2022,4º,5407,2,Águia
30/04/2022,5º,8378,20,Peru
29/04/2022,1º,522,6,Cabra
29/04/2022,2º,9723,6,Cabra
29/04/2022,3º,3883,21,Touro
29/04/2022,4º,2829,8,Camelo
29/04/2022,5º,6142,11,Cavalo
28/04/2022,1º,7850,13,Galo
28/04/2022,2º,5638,10,Coelho
28/04/2022,3º,3615,4,Borboleta
28/04/2022,4º,1272,18,Porco
28/04/2022,5º,1127,7,Carneiro
27/04/2022,1º,8381,21,Touro
27/04/2022,2º,4259,15,Jacaré
27/04/2022,3º,1807,2,Águia
27/04/2022,4º,9973,19,Pavão
27/04/2022,5º,3965,17,Macaco
26/04/2022,1º,1320,5,Cachorro
26/04/2022,2º,6514,4,Borboleta
26/04/2022,3º,3818,5,Cachorro
26/04/2022,4º,4517,5,Cachorro
26/04/2022,5º,1692,23,Urso
25/04/2022,1º,7230,8,Camelo
25/04/2022,2º,6141,11,Cavalo
25/04/2022,3º,1088,22,Tigre
25/04/2022,4º,7859,15,Jacaré
25/04/2022,5º,5618,5,Cachorro
23/04/2022,1º,2752,13,Galo
23/04/2022,2º,5531,8,Camelo
23/04/2022,3º,7714,4,Borboleta
23/04/2022,4º,5372,18,Porco
23/04/2022,5º,8907,2,Águia
22/04/2022,1º,697,25,Vaca
22/04/2022,2º,6422,6,Cabra
22/04/2022,3º,9273,19,Pavão
22/04/2022,4º,8350,13,Galo
22/04/2022,5º,2180,20,Peru
20/04/2022,1º,1356,14,Gato
20/04/2022,2º,3642,11,Cavalo
20/04/2022,3º,6459,15,Jacaré
20/04/2022,4º,2056,14,Gato
20/04/2022,5º,4614,4,Borboleta
19/04/2022,1º,2351,13,Galo
19/04/2022,2º,2579,20,Peru
19/04/2022,3º,6131,8,Camelo
19/04/2022,4º,1398,25,Vaca
19/04/2022,5º,7738,10,Coelho
18/04/2022,1º,9971,18,Porco
18/04/2022,2º,3296,24,Veado
18/04/2022,3º,5552,13,Galo
18/04/2022,4º,2575,19,Pavão
18/04/2022,5º,8365,17,Macaco
16/04/2022,1º,4520,5,Cachorro
16/04/2022,2º,3442,11,Cavalo
16/04/2022,3º,4740,10,Coelho
16/04/2022,4º,6816,4,Borboleta
16/04/2022,5º,2416,4,Borboleta
14/04/2022,1º,3755,14,Gato
14/04/2022,2º,6730,8,Camelo
14/04/2022,3º,2460,15,Jacaré
14/04/2022,4º,2699,25,Vaca
14/04/2022,5º,4352,13,Galo
13/04/2022,1º,4782,21,Touro
13/04/2022,2º,517,5,Cachorro
13/04/2022,3º,4819,5,Cachorro
13/04/2022,4º,353,14,Gato
13/04/2022,5º,82,21,Touro
12/04/2022,1º,1449,13,Galo
12/04/2022,2º,9110,3,Burro
12/04/2022,3º,4866,17,Macaco
12/04/2022,4º,54,14,Gato
12/04/2022,5º,5461,16,Leão
11/04/2022,1º,5785,22,Tigre
11/04/2022,2º,8604,1,Avestruz
11/04/2022,3º,4615,4,Borboleta
11/04/2022,4º,3229,8,Camelo
11/04/2022,5º,9965,17,Macaco
09/04/2022,1º,7595,24,Veado
09/04/2022,2º,5612,3,Burro
09/04/2022,3º,5772,18,Porco
09/04/2022,4º,5025,7,Carneiro
09/04/2022,5º,963,16,Leão
08/04/2022,1º,8155,14,Gato
08/04/2022,2º,9193,24,Veado
08/04/2022,3º,9951,13,Galo
08/04/2022,4º,6143,11,Cavalo
08/04/2022,5º,6390,23,Urso
07/04/2022,1º,4922,6,Cabra
07/04/2022,2º,7218,5,Cachorro
07/04/2022,3º,8602,1,Avestruz
07/04/2022,4º,2020,5,Cachorro
07/04/2022,5º,4941,11,Cavalo
06/04/2022,1º,1491,23,Urso
06/04/2022,2º,616,4,Borboleta
06/04/2022,3º,6801,1,Avestruz
06/04/2022,4º,1464,16,Leão
06/04/2022,5º,207,2,Águia
05/04/2022,1º,4483,21,Touro
05/04/2022,2º,2329,8,Camelo
05/04/2022,3º,8292,23,Urso
05/04/2022,4º,4991,23,Urso
05/04/2022,5º,3124,6,Cabra
04/04/2022,1º,8137,10,Coelho
04/04/2022,2º,1333,9,Cobra
04/04/2022,3º,9379,20,Perú
04/04/2022,4º,7477,20,Perú
04/04/2022,5º,8222,6,Cabra
02/04/2022,1º,9220,5,Cachorro
02/04/2022,2º,9162,16,Leão
02/04/2022,3º,5278,20,Perú
02/04/2022,4º,1248,12,Elefante
02/04/2022,5º,3585,22,Tigre
01/04/2022,1º,6639,10,Coelho
01/04/2022,2º,6585,22,Tigre
01/04/2022,3º,5086,22,Tigre
01/04/2022,4º,3109,3,Burro
01/04/2022,5º,840,10,Coelho
31/03/2022,1º,430,8,Camelo
31/03/2022,2º,9677,20,Perú
31/03/2022,3º,9449,13,Galo
31/03/2022,4º,1654,14,Gato
31/03/2022,5º,391,23,Urso
30/03/2022,1º,2942,11,Cavalo
30/03/2022,2º,6589,23,Urso
30/03/2022,3º,7034,9,Cobra
30/03/2022,4º,7406,2,Águia
30/03/2022,5º,2879,20,Perú
29/03/2022,1º,5184,21,Touro
29/03/2022,2º,8455,14,Gato
29/03/2022,3º,1297,25,Vaca
29/03/2022,4º,64,16,Leão
29/03/2022,5º,789,23,Urso
28/03/2022,1º,8433,9,Cobra
28/03/2022,2º,5732,8,Camelo
28/03/2022,3º,7210,3,Burro
28/03/2022,4º,8580,20,Perú
28/03/2022,5º,8005,2,Águia
26/03/2022,1º,7049,13,Galo
26/03/2022,2º,1393,24,Veado
26/03/2022,3º,6578,20,Perú
26/03/2022,4º,3133,9,Cobra
26/03/2022,5º,9719,5,Cachorro
25/03/2022,1º,2954,14,Gato
25/03/2022,2º,9726,7,Carneiro
25/03/2022,3º,8430,8,Camelo
25/03/2022,4º,8843,11,Cavalo
25/03/2022,5º,6285,22,Tigre
24/03/2022,1º,916,4,Borboleta
24/03/2022,2º,3226,7,Carneiro
24/03/2022,3º,7425,7,Carneiro
24/03/2022,4º,1251,13,Galo
24/03/2022,5º,4729,8,Camelo
23/03/2022,1º,6503,1,Avestruz
23/03/2022,2º,4705,2,Águia
23/03/2022,3º,1792,23,Urso
23/03/2022,4º,5070,18,Porco
23/03/2022,5º,4834,9,Cobra
22/03/2022,1º,1774,19,Pavão
22/03/2022,2º,20,5,Cachorro
22/03/2022,3º,5579,20,Perú
22/03/2022,4º,6772,18,Porco
22/03/2022,5º,1146,12,Elefante
21/03/2022,1º,8683,21,Touro
21/03/2022,2º,9644,11,Cavalo
21/03/2022,3º,4757,15,Jacaré
21/03/2022,4º,4651,13,Galo
21/03/2022,5º,5720,5,Cachorro
19/03/2022,1º,7817,5,Cachorro
19/03/2022,2º,3885,22,Tigre
19/03/2022,3º,2225,7,Carneiro
19/03/2022,4º,2096,24,Veado
19/03/2022,5º,1738,10,Coelho
18/03/2022,1º,884,21,Touro
18/03/2022,2º,640,10,Coelho
18/03/2022,3º,9549,13,Galo
18/03/2022,4º,4567,17,Macaco
18/03/2022,5º,9948,12,Elefante
17/03/2022,1º,9425,7,Carneiro
17/03/2022,2º,598,25,Vaca
17/03/2022,3º,6064,16,Leão
17/03/2022,4º,4700,25,Vaca
17/03/2022,5º,1852,13,Galo
16/03/2022,1º,8797,25,Vaca
16/03/2022,2º,6754,14,Gato
16/03/2022,3º,9891,23,Urso
16/03/2022,4º,4289,23,Urso
16/03/2022,5º,7908,2,Águia
15/03/2022,1º,2797,25,Vaca
15/03/2022,2º,8512,3,Burro
15/03/2022,3º,4514,4,Borboleta
15/03/2022,4º,3361,16,Leão
15/03/2022,5º,8573,19,Pavão
14/03/2022,1º,9351,13,Galo
14/03/2022,2º,6369,18,Porco
14/03/2022,3º,3003,1,Avestruz
14/03/2022,4º,2285,22,Tigre
14/03/2022,5º,4313,4,Borboleta
12/03/2022,1º,5040,10,Coelho
12/03/2022,2º,1758,15,Jacaré
12/03/2022,3º,6487,22,Tigre
12/03/2022,4º,9400,25,Vaca
12/03/2022,5º,3644,11,Cavalo
11/03/2022,1º,9410,3,Burro
11/03/2022,2º,5063,16,Leão
11/03/2022,3º,8645,12,Elefante
11/03/2022,4º,7821,6,Cabra
11/03/2022,5º,5862,16,Leão
10/03/2022,1º,859,15,Jacaré
10/03/2022,2º,1639,10,Coelho
10/03/2022,3º,3114,4,Borboleta
10/03/2022,4º,7294,24,Veado
10/03/2022,5º,997,25,Vaca
09/03/2022,1º,6662,16,Leão
09/03/2022,2º,5383,21,Touro
09/03/2022,3º,8626,7,Carneiro
09/03/2022,4º,9655,14,Gato
09/03/2022,5º,2081,21,Touro
08/03/2022,1º,5089,23,Urso
08/03/2022,2º,3061,16,Leão
08/03/2022,3º,6660,15,Jacaré
08/03/2022,4º,5450,13,Galo
08/03/2022,5º,6259,15,Jacaré
07/03/2022,1º,4430,8,Camelo
07/03/2022,2º,9681,21,Touro
07/03/2022,3º,864,16,Leão
07/03/2022,4º,2991,23,Urso
07/03/2022,5º,4417,5,Cachorro
05/03/2022,1º,8466,17,Macaco
05/03/2022,2º,471,18,Porco
05/03/2022,3º,6878,20,Perú
05/03/2022,4º,5805,2,Águia
05/03/2022,5º,8869,18,Porco
04/03/2022,1º,6198,25,Vaca
04/03/2022,2º,4785,22,Tigre
04/03/2022,3º,503,1,Avestruz
04/03/2022,4º,947,12,Elefante
04/03/2022,5º,43,11,Cavalo
03/03/2022,1º,9913,4,Borboleta
03/03/2022,2º,3895,24,Veado
03/03/2022,3º,8554,14,Gato
03/03/2022,4º,6915,4,Borboleta
03/03/2022,5º,3348,12,Elefante
02/03/2022,1º,3785,22,Tigre
02/03/2022,2º,2264,16,Leão
02/03/2022,3º,8858,15,Jacaré
02/03/2022,4º,6018,5,Cachorro
02/03/2022,5º,198,25,Vaca
01/03/2022,1º,3243,11,Cavalo
01/03/2022,2º,6571,18,Porco
01/03/2022,3º,2785,22,Tigre
01/03/2022,4º,1348,12,Elefante
01/03/2022,5º,5135,9,Cobra
28/02/2022,1º,5354,14,Gato
28/02/2022,2º,8499,25,Vaca
28/02/2022,3º,6742,11,Cavalo
28/02/2022,4º,4017,5,Cachorro
28/02/2022,5º,8360,15,Jacaré
26/02/2022,1º,114,4,Borboleta
26/02/2022,2º,9618,5,Cachorro
26/02/2022,3º,9326,7,Carneiro
26/02/2022,4º,2143,11,Cavalo
26/02/2022,5º,8559,15,Jacaré
25/02/2022,1º,9242,11,Cavalo
25/02/2022,2º,2032,8,Camelo
25/02/2022,3º,80,20,Perú
25/02/2022,4º,7590,23,Urso
25/02/2022,5º,5807,2,Águia
24/02/2022,1º,517,5,Cachorro
24/02/2022,2º,459,15,Jacaré
24/02/2022,3º,654,14,Gato
24/02/2022,4º,2368,17,Macaco
24/02/2022,5º,3226,7,Carneiro
23/02/2022,1º,3148,12,Elefante
23/02/2022,2º,550,13,Galo
23/02/2022,3º,127,7,Carneiro
23/02/2022,4º,5416,4,Borboleta
23/02/2022,5º,1205,2,Águia
22/02/2022,1º,8650,13,Galo
22/02/2022,2º,9669,18,Porco
22/02/2022,3º,446,12,Elefante
22/02/2022,4º,804,1,Avestruz
22/02/2022,5º,8029,8,Camelo
21/02/2022,1º,352,13,Galo
21/02/2022,2º,6648,12,Elefante
21/02/2022,3º,2548,12,Elefante
21/02/2022,4º,4251,13,Galo
21/02/2022,5º,6717,5,Cachorro
19/02/2022,1º,7885,22,Tigre
19/02/2022,2º,8394,24,Veado
19/02/2022,3º,1860,15,Jacaré
19/02/2022,4º,9273,19,Pavão
19/02/2022,5º,2204,1,Avestruz
18/02/2022,1º,2515,4,Borboleta
18/02/2022,2º,7862,16,Leão
18/02/2022,3º,2062,16,Leão
18/02/2022,4º,2851,13,Galo
18/02/2022,5º,3061,16,Leão
17/02/2022,1º,5814,4,Borboleta
17/02/2022,2º,3139,10,Coelho
17/02/2022,3º,9219,5,Cachorro
17/02/2022,4º,507,2,Águia
17/02/2022,5º,4345,12,Elefante
16/02/2022,1º,2596,24,Veado
16/02/2022,2º,8482,21,Touro
16/02/2022,3º,7555,14,Gato
16/02/2022,4º,1755,14,Gato
16/02/2022,5º,7225,7,Carneiro
15/02/2022,1º,6635,9,Cobra
15/02/2022,2º,6031,8,Camelo
15/02/2022,3º,3353,14,Gato
15/02/2022,4º,2250,13,Galo
15/02/2022,5º,2360,15,Jacaré
14/02/2022,1º,2150,13,Galo
14/02/2022,2º,6443,11,Cavalo
14/02/2022,3º,6964,16,Leão
14/02/2022,4º,5541,11,Cavalo
14/02/2022,5º,218,5,Cachorro
12/02/2022,1º,4861,16,Leão
12/02/2022,2º,6694,24,Veado
12/02/2022,3º,9885,22,Tigre
12/02/2022,4º,9277,20,Perú
12/02/2022,5º,171,18,Porco
11/02/2022,1º,1044,11,Cavalo
11/02/2022,2º,2986,22,Tigre
11/02/2022,3º,7722,6,Cabra
11/02/2022,4º,4812,3,Burro
11/02/2022,5º,5758,15,Jacaré
10/02/2022,1º,1212,3,Burro
10/02/2022,2º,7256,14,Gato
10/02/2022,3º,1003,1,Avestruz
10/02/2022,4º,1708,2,Águia
10/02/2022,5º,5485,22,Tigre
09/02/2022,1º,1799,25,Vaca
09/02/2022,2º,1283,21,Touro
09/02/2022,3º,5239,10,Coelho
09/02/2022,4º,6324,6,Cabra
09/02/2022,5º,5827,7,Carneiro
08/02/2022,1º,6658,15,Jacaré
08/02/2022,2º,1453,14,Gato
08/02/2022,3º,9778,20,Perú
08/02/2022,4º,2704,1,Avestruz
08/02/2022,5º,3815,4,Borboleta
07/02/2022,1º,4816,4,Borboleta
07/02/2022,2º,3505,2,Águia
07/02/2022,3º,5792,23,Urso
07/02/2022,4º,7231,8,Camelo
07/02/2022,5º,50,13,Galo
05/02/2022,1º,240,10,Coelho
05/02/2022,2º,9736,9,Cobra
05/02/2022,3º,5952,13,Galo
05/02/2022,4º,3859,15,Jacaré
05/02/2022,5º,396,24,Veado
04/02/2022,1º,2646,12,Elefante
04/02/2022,2º,428,7,Carneiro
04/02/2022,3º,7956,14,Gato
04/02/2022,4º,1003,1,Avestruz
04/02/2022,5º,109,3,Burro
03/02/2022,1º,3812,3,Burro
03/02/2022,2º,4813,4,Borboleta
03/02/2022,3º,5498,25,Vaca
03/02/2022,4º,3635,9,Cobra
03/02/2022,5º,7260,15,Jacaré
02/02/2022,1º,2774,19,Pavão
02/02/2022,2º,6061,16,Leão
02/02/2022,3º,6064,16,Leão
02/02/2022,4º,6576,19,Pavão
02/02/2022,5º,7304,1,Avestruz
01/02/2022,1º,1924,6,Cabra
01/02/2022,2º,7416,4,Borboleta
01/02/2022,3º,518,5,Cachorro
01/02/2022,4º,4486,22,Tigre
01/02/2022,5º,7492,23,Urso
31/01/2022,1º,5161,16,Leão
31/01/2022,2º,3962,16,Leão
31/01/2022,3º,1989,23,Urso
31/01/2022,4º,9000,25,Vaca
31/01/2022,5º,6201,1,Avestruz
29/01/2022,1º,328,7,Carneiro
29/01/2022,2º,6238,10,Coelho
29/01/2022,3º,1612,3,Burro
29/01/2022,4º,3623,6,Cabra
29/01/2022,5º,6150,13,Galo
28/01/2022,1º,4919,5,Cachorro
28/01/2022,2º,3290,23,Urso
28/01/2022,3º,2547,12,Elefante
28/01/2022,4º,1043,11,Cavalo
28/01/2022,5º,9299,25,Vaca
27/01/2022,1º,5852,13,Galo
27/01/2022,2º,6575,19,Pavão
27/01/2022,3º,692,23,Urso
27/01/2022,4º,9102,1,Avestruz
27/01/2022,5º,4218,5,Cachorro
26/01/2022,1º,4937,10,Coelho
26/01/2022,2º,2052,13,Galo
26/01/2022,3º,4524,6,Cabra
26/01/2022,4º,8076,19,Pavão
26/01/2022,5º,5111,3,Burro
25/01/2022,1º,708,2,Águia
25/01/2022,2º,1373,19,Pavão
25/01/2022,3º,4592,23,Urso
25/01/2022,4º,5520,5,Cachorro
25/01/2022,5º,6035,9,Cobra
24/01/2022,1º,4348,12,Elefante
24/01/2022,2º,2924,6,Cabra
24/01/2022,3º,6666,17,Macaco
24/01/2022,4º,1385,22,Tigre
24/01/2022,5º,4265,17,Macaco
22/01/2022,1º,8137,10,Coelho
22/01/2022,2º,4493,24,Veado
22/01/2022,3º,3841,11,Cavalo
22/01/2022,4º,4148,12,Elefante
22/01/2022,5º,195,24,Veado
21/01/2022,1º,2658,15,Jacaré
21/01/2022,2º,5540,10,Coelho
21/01/2022,3º,5424,6,Cabra
21/01/2022,4º,5437,10,Coelho
21/01/2022,5º,7825,7,Carneiro
20/01/2022,1º,9163,16,Leão
20/01/2022,2º,6086,22,Tigre
20/01/2022,3º,5692,23,Urso
20/01/2022,4º,4543,11,Cavalo
20/01/2022,5º,4947,12,Elefante
19/01/2022,1º,5770,18,Porco
19/01/2022,2º,8172,18,Porco
19/01/2022,3º,9681,21,Touro
19/01/2022,4º,5973,19,Pavão
19/01/2022,5º,6163,16,Leão
18/01/2022,1º,131,8,Camelo
18/01/2022,2º,1339,10,Coelho
18/01/2022,3º,2139,10,Coelho
18/01/2022,4º,1725,7,Carneiro
18/01/2022,5º,1525,7,Carneiro
17/01/2022,1º,7285,22,Tigre
17/01/2022,2º,5002,1,Avestruz
17/01/2022,3º,7570,18,Porco
17/01/2022,4º,1895,24,Veado
17/01/2022,5º,2435,9,Cobra
15/01/2022,1º,1442,11,Cavalo
15/01/2022,2º,4737,10,Coelho
15/01/2022,3º,7792,23,Urso
15/01/2022,4º,3237,10,Coelho
15/01/2022,5º,3738,10,Coelho
14/01/2022,1º,9338,10,Coelho
14/01/2022,2º,9107,2,Águia
14/01/2022,3º,4648,12,Elefante
14/01/2022,4º,7269,18,Porco
14/01/2022,5º,8123,6,Cabra
13/01/2022,1º,2806,2,Águia
13/01/2022,2º,5690,23,Urso
13/01/2022,3º,851,13,Galo
13/01/2022,4º,7450,13,Galo
13/01/2022,5º,9986,22,Tigre
12/01/2022,1º,9348,12,Elefante
12/01/2022,2º,9932,8,Camelo
12/01/2022,3º,4777,20,Perú
12/01/2022,4º,6827,7,Carneiro
12/01/2022,5º,9646,12,Elefante
11/01/2022,1º,6919,5,Cachorro
11/01/2022,2º,2053,14,Gato
11/01/2022,3º,7805,2,Águia
11/01/2022,4º,7714,4,Borboleta
11/01/2022,5º,4125,7,Carneiro
10/01/2022,1º,3218,5,Cachorro
10/01/2022,2º,1519,5,Cachorro
10/01/2022,3º,7617,5,Cachorro
10/01/2022,4º,6078,20,Perú
10/01/2022,5º,9570,18,Porco
08/01/2022,1º,7643,11,Cavalo
08/01/2022,2º,9750,13,Galo
08/01/2022,3º,3291,23,Urso
08/01/2022,4º,1133,9,Cobra
08/01/2022,5º,7452,13,Galo
07/01/2022,1º,8132,8,Camelo
07/01/2022,2º,8687,22,Tigre
07/01/2022,3º,7269,18,Porco
07/01/2022,4º,6760,15,Jacaré
07/01/2022,5º,276,19,Pavão
06/01/2022,1º,5136,9,Cobra
06/01/2022,2º,8882,21,Touro
06/01/2022,3º,8373,19,Pavão
06/01/2022,4º,6690,23,Urso
06/01/2022,5º,2267,17,Macaco
05/01/2022,1º,3295,24,Veado
05/01/2022,2º,4227,7,Carneiro
05/01/2022,3º,5278,20,Perú
05/01/2022,4º,279,20,Perú
05/01/2022,5º,4742,11,Cavalo
04/01/2022,1º,2413,4,Borboleta
04/01/2022,2º,237,10,Coelho
04/01/2022,3º,4874,19,Pavão
04/01/2022,4º,861,16,Leão
04/01/2022,5º,8772,18,Porco
03/01/2022,1º,5204,1,Avestruz
03/01/2022,2º,8060,15,Jacaré
03/01/2022,3º,4537,10,Coelho
03/01/2022,4º,5150,13,Galo
03/01/2022,5º,7235,9,Cobra
30/12/2021,1º,226,7,Carneiro
30/12/2021,2º,4406,2,Águia
30/12/2021,3º,3787,22,Tigre
30/12/2021,4º,1075,19,Pavão
30/12/2021,5º,915,4,Borboleta
29/12/2021,1º,4751,13,Galo
29/12/2021,2º,4747,12,Elefante
29/12/2021,3º,7788,22,Tigre
29/12/2021,4º,5868,17,Macaco
29/12/2021,5º,3563,16,Leão
28/12/2021,1º,7339,10,Coelho
28/12/2021,2º,2669,18,Porco
28/12/2021,3º,9041,11,Cavalo
28/12/2021,4º,2845,12,Elefante
28/12/2021,5º,9328,7,Carneiro
27/12/2021,1º,403,1,Avestruz
27/12/2021,2º,498,25,Vaca
27/12/2021,3º,2856,14,Gato
27/12/2021,4º,354,14,Gato
27/12/2021,5º,1200,25,Vaca
23/12/2021,1º,5649,13,Galo
23/12/2021,2º,2376,19,Pavão
23/12/2021,3º,8167,17,Macaco
23/12/2021,4º,8974,19,Pavão
23/12/2021,5º,1180,20,Perú
22/12/2021,1º,793,24,Veado
22/12/2021,2º,4282,21,Touro
22/12/2021,3º,4373,19,Pavão
22/12/2021,4º,7300,25,Vaca
22/12/2021,5º,3457,15,Jacaré
21/12/2021,1º,6898,25,Vaca
21/12/2021,2º,8490,23,Urso
21/12/2021,3º,6395,24,Veado
21/12/2021,4º,4089,23,Urso
21/12/2021,5º,7459,15,Jacaré
20/12/2021,1º,740,10,Coelho
20/12/2021,2º,3614,4,Borboleta
20/12/2021,3º,8866,17,Macaco
20/12/2021,4º,6704,1,Avestruz
20/12/2021,5º,4851,13,Galo
18/12/2021,1º,9211,3,Burro
18/12/2021,2º,3485,22,Tigre
18/12/2021,3º,3668,17,Macaco
18/12/2021,4º,658,15,Jacaré
18/12/2021,5º,5114,4,Borboleta
17/12/2021,1º,7548,12,Elefante
17/12/2021,2º,9086,22,Tigre
17/12/2021,3º,7299,25,Vaca
17/12/2021,4º,8556,14,Gato
17/12/2021,5º,7088,22,Tigre
16/12/2021,1º,9397,25,Vaca
16/12/2021,2º,988,22,Tigre
16/12/2021,3º,4501,1,Avestruz
16/12/2021,4º,7152,13,Galo
16/12/2021,5º,7130,8,Camelo
15/12/2021,1º,1124,6,Cabra
15/12/2021,2º,5388,22,Tigre
15/12/2021,3º,8444,11,Cavalo
15/12/2021,4º,458,15,Jacaré
15/12/2021,5º,8028,7,Carneiro
14/12/2021,1º,2346,12,Elefante
14/12/2021,2º,8200,25,Vaca
14/12/2021,3º,7373,19,Pavão
14/12/2021,4º,5373,19,Pavão
14/12/2021,5º,5579,20,Perú
13/12/2021,1º,5438,10,Coelho
13/12/2021,2º,646,12,Elefante
13/12/2021,3º,4808,2,Águia
13/12/2021,4º,9862,16,Leão
13/12/2021,5º,3718,5,Cachorro
11/12/2021,1º,4672,18,Porco
11/12/2021,2º,5988,22,Tigre
11/12/2021,3º,2959,15,Jacaré
11/12/2021,4º,1658,15,Jacaré
11/12/2021,5º,2586,22,Tigre
10/12/2021,1º,2132,8,Camelo
10/12/2021,2º,9796,24,Veado
10/12/2021,3º,9727,7,Carneiro
10/12/2021,4º,7845,12,Elefante
10/12/2021,5º,2111,3,Burro
09/12/2021,1º,204,1,Avestruz
09/12/2021,2º,4879,20,Perú
09/12/2021,3º,2179,20,Perú
09/12/2021,4º,9687,22,Tigre
09/12/2021,5º,8183,21,Touro
08/12/2021,1º,5452,13,Galo
08/12/2021,2º,9977,20,Perú
08/12/2021,3º,7040,10,Coelho
08/12/2021,4º,4717,5,Cachorro
08/12/2021,5º,7014,4,Borboleta
07/12/2021,1º,290,23,Urso
07/12/2021,2º,4218,5,Cachorro
07/12/2021,3º,1188,22,Tigre
07/12/2021,4º,4105,2,Águia
07/12/2021,5º,5644,11,Cavalo
06/12/2021,1º,1121,6,Cabra
06/12/2021,2º,2083,21,Touro
06/12/2021,3º,4828,7,Carneiro
06/12/2021,4º,8719,5,Cachorro
06/12/2021,5º,6369,18,Porco
04/12/2021,1º,1929,8,Camelo
04/12/2021,2º,7525,7,Carneiro
04/12/2021,3º,6853,14,Gato
04/12/2021,4º,3742,11,Cavalo
04/12/2021,5º,5499,25,Vaca
03/12/2021,1º,3945,12,Elefante
03/12/2021,2º,6878,20,Perú
03/12/2021,3º,1248,12,Elefante
03/12/2021,4º,2200,25,Vaca
03/12/2021,5º,2012,3,Burro
